Id,Type,Bug,Dark,Dragon,Electric,Fairy,Fighting,Fire,Flying,Ghost,Grass,Ground,Ice,Normal,Poison,Psychic,Rock,Steel,Water
ralts,"['Psychic', 'Fairy']",0,0,0,0,1,0,0,0,0,0,0,0,0,0,1,0,0,0
quilladin,['Grass'],0,0,0,0,0,0,0,0,0,1,0,0,0,0,0,0,0,0
grimer,"['Poison', 'Dark']",0,1,0,0,0,0,0,0,0,0,0,0,0,1,0,0,0,0
helioptile,"['Electric', 'Normal']",0,0,0,1,0,0,0,0,0,0,0,0,1,0,0,0,0,0
lurantis,['Grass'],0,0,0,0,0,0,0,0,0,1,0,0,0,0,0,0,0,0
blacephalon,"['Fire', 'Ghost']",0,0,0,0,0,0,1,0,1,0,0,0,0,0,0,0,0,0
drilbur,['Ground'],0,0,0,0,0,0,0,0,0,0,1,0,0,0,0,0,0,0
seaking,['Water'],0,0,0,0,0,0,0,0,0,0,0,0,0,0,0,0,0,1
serperior,['Grass'],0,0,0,0,0,0,0,0,0,1,0,0,0,0,0,0,0,0
quilava,['Fire'],0,0,0,0,0,0,1,0,0,0,0,0,0,0,0,0,0,0
machamp,['Fighting'],0,0,0,0,0,1,0,0,0,0,0,0,0,0,0,0,0,0
mandibuzz,"['Dark', 'Flying']",0,1,0,0,0,0,0,1,0,0,0,0,0,0,0,0,0,0
rhydon,"['Ground', 'Rock']",0,0,0,0,0,0,0,0,0,0,1,0,0,0,0,1,0,0
musharna,['Psychic'],0,0,0,0,0,0,0,0,0,0,0,0,0,0,1,0,0,0
vaporeon,['Water'],0,0,0,0,0,0,0,0,0,0,0,0,0,0,0,0,0,1
scorbunny,['Fire'],0,0,0,0,0,0,1,0,0,0,0,0,0,0,0,0,0,0
torracat,['Fire'],0,0,0,0,0,0,1,0,0,0,0,0,0,0,0,0,0,0
rufflet,"['Normal', 'Flying']",0,0,0,0,0,0,0,1,0,0,0,0,1,0,0,0,0,0
herdier,['Normal'],0,0,0,0,0,0,0,0,0,0,0,0,1,0,0,0,0,0
trapinch,['Ground'],0,0,0,0,0,0,0,0,0,0,1,0,0,0,0,0,0,0
carkol,"['Rock', 'Fire']",0,0,0,0,0,0,1,0,0,0,0,0,0,0,0,1,0,0
vigoroth,['Normal'],0,0,0,0,0,0,0,0,0,0,0,0,1,0,0,0,0,0
doduo,"['Normal', 'Flying']",0,0,0,0,0,0,0,1,0,0,0,0,1,0,0,0,0,0
marshtomp,"['Water', 'Ground']",0,0,0,0,0,0,0,0,0,0,1,0,0,0,0,0,0,1
nidoqueen,"['Poison', 'Ground']",0,0,0,0,0,0,0,0,0,0,1,0,0,1,0,0,0,0
tentacool,"['Water', 'Poison']",0,0,0,0,0,0,0,0,0,0,0,0,0,1,0,0,0,1
cursola,['Ghost'],0,0,0,0,0,0,0,0,1,0,0,0,0,0,0,0,0,0
bouffalant,['Normal'],0,0,0,0,0,0,0,0,0,0,0,0,1,0,0,0,0,0
gyarados,"['Water', 'Flying']",0,0,0,0,0,0,0,1,0,0,0,0,0,0,0,0,0,1
combee,"['Bug', 'Flying']",1,0,0,0,0,0,0,1,0,0,0,0,0,0,0,0,0,0
barraskewda,['Water'],0,0,0,0,0,0,0,0,0,0,0,0,0,0,0,0,0,1
registeel,['Steel'],0,0,0,0,0,0,0,0,0,0,0,0,0,0,0,0,1,0
bounsweet,['Grass'],0,0,0,0,0,0,0,0,0,1,0,0,0,0,0,0,0,0
magmar,['Fire'],0,0,0,0,0,0,1,0,0,0,0,0,0,0,0,0,0,0
woobat,"['Psychic', 'Flying']",0,0,0,0,0,0,0,1,0,0,0,0,0,0,1,0,0,0
larvitar,"['Rock', 'Ground']",0,0,0,0,0,0,0,0,0,0,1,0,0,0,0,1,0,0
igglybuff,"['Normal', 'Fairy']",0,0,0,0,1,0,0,0,0,0,0,0,1,0,0,0,0,0
spritzee,['Fairy'],0,0,0,0,1,0,0,0,0,0,0,0,0,0,0,0,0,0
fearow,"['Normal', 'Flying']",0,0,0,0,0,0,0,1,0,0,0,0,1,0,0,0,0,0
copperajah,['Steel'],0,0,0,0,0,0,0,0,0,0,0,0,0,0,0,0,1,0
bunnelby,['Normal'],0,0,0,0,0,0,0,0,0,0,0,0,1,0,0,0,0,0
dedenne,"['Electric', 'Fairy']",0,0,0,1,1,0,0,0,0,0,0,0,0,0,0,0,0,0
decidueye,"['Grass', 'Ghost']",0,0,0,0,0,0,0,0,1,1,0,0,0,0,0,0,0,0
aromatisse,['Fairy'],0,0,0,0,1,0,0,0,0,0,0,0,0,0,0,0,0,0
silvally,['Normal'],0,0,0,0,0,0,0,0,0,0,0,0,1,0,0,0,0,0
drapion,"['Poison', 'Dark']",0,1,0,0,0,0,0,0,0,0,0,0,0,1,0,0,0,0
ledyba,"['Bug', 'Flying']",1,0,0,0,0,0,0,1,0,0,0,0,0,0,0,0,0,0
mesprit,['Psychic'],0,0,0,0,0,0,0,0,0,0,0,0,0,0,1,0,0,0
hypno,['Psychic'],0,0,0,0,0,0,0,0,0,0,0,0,0,0,1,0,0,0
cosmoem,['Psychic'],0,0,0,0,0,0,0,0,0,0,0,0,0,0,1,0,0,0
dewpider,"['Water', 'Bug']",1,0,0,0,0,0,0,0,0,0,0,0,0,0,0,0,0,1
aipom,['Normal'],0,0,0,0,0,0,0,0,0,0,0,0,1,0,0,0,0,0
vullaby,"['Dark', 'Flying']",0,1,0,0,0,0,0,1,0,0,0,0,0,0,0,0,0,0
honedge,"['Steel', 'Ghost']",0,0,0,0,0,0,0,0,1,0,0,0,0,0,0,0,1,0
breloom,"['Grass', 'Fighting']",0,0,0,0,0,1,0,0,0,1,0,0,0,0,0,0,0,0
rattata,"['Normal', 'Dark']",0,1,0,0,0,0,0,0,0,0,0,0,1,0,0,0,0,0
rhyhorn,"['Ground', 'Rock']",0,0,0,0,0,0,0,0,0,0,1,0,0,0,0,1,0,0
swinub,"['Ice', 'Ground']",0,0,0,0,0,0,0,0,0,0,1,1,0,0,0,0,0,0
cradily,"['Rock', 'Grass']",0,0,0,0,0,0,0,0,0,1,0,0,0,0,0,1,0,0
excadrill,"['Ground', 'Steel']",0,0,0,0,0,0,0,0,0,0,1,0,0,0,0,0,1,0
electabuzz,['Electric'],0,0,0,1,0,0,0,0,0,0,0,0,0,0,0,0,0,0
jellicent,"['Water', 'Ghost']",0,0,0,0,0,0,0,0,1,0,0,0,0,0,0,0,0,1
inteleon,['Water'],0,0,0,0,0,0,0,0,0,0,0,0,0,0,0,0,0,1
combusken,"['Fire', 'Fighting']",0,0,0,0,0,1,1,0,0,0,0,0,0,0,0,0,0,0
ludicolo,"['Water', 'Grass']",0,0,0,0,0,0,0,0,0,1,0,0,0,0,0,0,0,1
sandygast,"['Ghost', 'Ground']",0,0,0,0,0,0,0,0,1,0,1,0,0,0,0,0,0,0
walrein,"['Ice', 'Water']",0,0,0,0,0,0,0,0,0,0,0,1,0,0,0,0,0,1
banette,['Ghost'],0,0,0,0,0,0,0,0,1,0,0,0,0,0,0,0,0,0
panpour,['Water'],0,0,0,0,0,0,0,0,0,0,0,0,0,0,0,0,0,1
cherubi,['Grass'],0,0,0,0,0,0,0,0,0,1,0,0,0,0,0,0,0,0
tyranitar,"['Rock', 'Dark']",0,1,0,0,0,0,0,0,0,0,0,0,0,0,0,1,0,0
bibarel,"['Normal', 'Water']",0,0,0,0,0,0,0,0,0,0,0,0,1,0,0,0,0,1
golett,"['Ground', 'Ghost']",0,0,0,0,0,0,0,0,1,0,1,0,0,0,0,0,0,0
gumshoos,['Normal'],0,0,0,0,0,0,0,0,0,0,0,0,1,0,0,0,0,0
yungoos,['Normal'],0,0,0,0,0,0,0,0,0,0,0,0,1,0,0,0,0,0
arctovish,"['Water', 'Ice']",0,0,0,0,0,0,0,0,0,0,0,1,0,0,0,0,0,1
thwackey,['Grass'],0,0,0,0,0,0,0,0,0,1,0,0,0,0,0,0,0,0
lampent,"['Ghost', 'Fire']",0,0,0,0,0,0,1,0,1,0,0,0,0,0,0,0,0,0
muk,"['Poison', 'Dark']",0,1,0,0,0,0,0,0,0,0,0,0,0,1,0,0,0,0
beldum,"['Steel', 'Psychic']",0,0,0,0,0,0,0,0,0,0,0,0,0,0,1,0,1,0
shroomish,['Grass'],0,0,0,0,0,0,0,0,0,1,0,0,0,0,0,0,0,0
tyrunt,"['Rock', 'Dragon']",0,0,1,0,0,0,0,0,0,0,0,0,0,0,0,1,0,0
pignite,"['Fire', 'Fighting']",0,0,0,0,0,1,1,0,0,0,0,0,0,0,0,0,0,0
furfrou,['Normal'],0,0,0,0,0,0,0,0,0,0,0,0,1,0,0,0,0,0
trubbish,['Poison'],0,0,0,0,0,0,0,0,0,0,0,0,0,1,0,0,0,0
raticate,"['Normal', 'Dark']",0,1,0,0,0,0,0,0,0,0,0,0,1,0,0,0,0,0
skarmory,"['Steel', 'Flying']",0,0,0,0,0,0,0,1,0,0,0,0,0,0,0,0,1,0
moltres,"['Fire', 'Flying']",0,0,0,0,0,0,1,1,0,0,0,0,0,0,0,0,0,0
araquanid,"['Water', 'Bug']",1,0,0,0,0,0,0,0,0,0,0,0,0,0,0,0,0,1
sableye,"['Dark', 'Ghost']",0,1,0,0,0,0,0,0,1,0,0,0,0,0,0,0,0,0
xatu,"['Psychic', 'Flying']",0,0,0,0,0,0,0,1,0,0,0,0,0,0,1,0,0,0
burmy,['Bug'],1,0,0,0,0,0,0,0,0,0,0,0,0,0,0,0,0,0
blastoise,['Water'],0,0,0,0,0,0,0,0,0,0,0,0,0,0,0,0,0,1
gastly,"['Ghost', 'Poison']",0,0,0,0,0,0,0,0,1,0,0,0,0,1,0,0,0,0
gloom,"['Grass', 'Poison']",0,0,0,0,0,0,0,0,0,1,0,0,0,1,0,0,0,0
hawlucha,"['Fighting', 'Flying']",0,0,0,0,0,1,0,1,0,0,0,0,0,0,0,0,0,0
luvdisc,['Water'],0,0,0,0,0,0,0,0,0,0,0,0,0,0,0,0,0,1
nidoking,"['Poison', 'Ground']",0,0,0,0,0,0,0,0,0,0,1,0,0,1,0,0,0,0
donphan,['Ground'],0,0,0,0,0,0,0,0,0,0,1,0,0,0,0,0,0,0
monferno,"['Fire', 'Fighting']",0,0,0,0,0,1,1,0,0,0,0,0,0,0,0,0,0,0
passimian,['Fighting'],0,0,0,0,0,1,0,0,0,0,0,0,0,0,0,0,0,0
electrode,['Electric'],0,0,0,1,0,0,0,0,0,0,0,0,0,0,0,0,0,0
mightyena,['Dark'],0,1,0,0,0,0,0,0,0,0,0,0,0,0,0,0,0,0
ribombee,"['Bug', 'Fairy']",1,0,0,0,1,0,0,0,0,0,0,0,0,0,0,0,0,0
jangmo-o,['Dragon'],0,0,1,0,0,0,0,0,0,0,0,0,0,0,0,0,0,0
mudbray,['Ground'],0,0,0,0,0,0,0,0,0,0,1,0,0,0,0,0,0,0
naganadel,"['Poison', 'Dragon']",0,0,1,0,0,0,0,0,0,0,0,0,0,1,0,0,0,0
pangoro,"['Fighting', 'Dark']",0,1,0,0,0,1,0,0,0,0,0,0,0,0,0,0,0,0
diancie,"['Rock', 'Fairy']",0,0,0,0,1,0,0,0,0,0,0,0,0,0,0,1,0,0
pyroar,"['Fire', 'Normal']",0,0,0,0,0,0,1,0,0,0,0,0,1,0,0,0,0,0
solrock,"['Rock', 'Psychic']",0,0,0,0,0,0,0,0,0,0,0,0,0,0,1,1,0,0
darumaka,"['Fire', 'Ice']",0,0,0,0,0,0,1,0,0,0,0,1,0,0,0,0,0,0
flareon,['Fire'],0,0,0,0,0,0,1,0,0,0,0,0,0,0,0,0,0,0
shinx,['Electric'],0,0,0,1,0,0,0,0,0,0,0,0,0,0,0,0,0,0
togedemaru,"['Electric', 'Steel']",0,0,0,1,0,0,0,0,0,0,0,0,0,0,0,0,1,0
brionne,['Water'],0,0,0,0,0,0,0,0,0,0,0,0,0,0,0,0,0,1
chimchar,['Fire'],0,0,0,0,0,0,1,0,0,0,0,0,0,0,0,0,0,0
mothim,"['Bug', 'Flying']",1,0,0,0,0,0,0,1,0,0,0,0,0,0,0,0,0,0
marill,"['Water', 'Fairy']",0,0,0,0,1,0,0,0,0,0,0,0,0,0,0,0,0,1
charmander,['Fire'],0,0,0,0,0,0,1,0,0,0,0,0,0,0,0,0,0,0
chimecho,['Psychic'],0,0,0,0,0,0,0,0,0,0,0,0,0,0,1,0,0,0
prinplup,['Water'],0,0,0,0,0,0,0,0,0,0,0,0,0,0,0,0,0,1
carracosta,"['Water', 'Rock']",0,0,0,0,0,0,0,0,0,0,0,0,0,0,0,1,0,1
salazzle,"['Poison', 'Fire']",0,0,0,0,0,0,1,0,0,0,0,0,0,1,0,0,0,0
carbink,"['Rock', 'Fairy']",0,0,0,0,1,0,0,0,0,0,0,0,0,0,0,1,0,0
hippowdon,['Ground'],0,0,0,0,0,0,0,0,0,0,1,0,0,0,0,0,0,0
pidove,"['Normal', 'Flying']",0,0,0,0,0,0,0,1,0,0,0,0,1,0,0,0,0,0
wailmer,['Water'],0,0,0,0,0,0,0,0,0,0,0,0,0,0,0,0,0,1
venonat,"['Bug', 'Poison']",1,0,0,0,0,0,0,0,0,0,0,0,0,1,0,0,0,0
snorunt,['Ice'],0,0,0,0,0,0,0,0,0,0,0,1,0,0,0,0,0,0
pansage,['Grass'],0,0,0,0,0,0,0,0,0,1,0,0,0,0,0,0,0,0
cascoon,['Bug'],1,0,0,0,0,0,0,0,0,0,0,0,0,0,0,0,0,0
amaura,"['Rock', 'Ice']",0,0,0,0,0,0,0,0,0,0,0,1,0,0,0,1,0,0
lapras,"['Water', 'Ice']",0,0,0,0,0,0,0,0,0,0,0,1,0,0,0,0,0,1
barboach,"['Water', 'Ground']",0,0,0,0,0,0,0,0,0,0,1,0,0,0,0,0,0,1
barbaracle,"['Rock', 'Water']",0,0,0,0,0,0,0,0,0,0,0,0,0,0,0,1,0,1
heatmor,['Fire'],0,0,0,0,0,0,1,0,0,0,0,0,0,0,0,0,0,0
deino,"['Dark', 'Dragon']",0,1,1,0,0,0,0,0,0,0,0,0,0,0,0,0,0,0
tepig,['Fire'],0,0,0,0,0,0,1,0,0,0,0,0,0,0,0,0,0,0
onix,"['Rock', 'Ground']",0,0,0,0,0,0,0,0,0,0,1,0,0,0,0,1,0,0
shelgon,['Dragon'],0,0,1,0,0,0,0,0,0,0,0,0,0,0,0,0,0,0
spoink,['Psychic'],0,0,0,0,0,0,0,0,0,0,0,0,0,0,1,0,0,0
diglett,"['Ground', 'Steel']",0,0,0,0,0,0,0,0,0,0,1,0,0,0,0,0,1,0
voltorb,['Electric'],0,0,0,1,0,0,0,0,0,0,0,0,0,0,0,0,0,0
remoraid,['Water'],0,0,0,0,0,0,0,0,0,0,0,0,0,0,0,0,0,1
diggersby,"['Normal', 'Ground']",0,0,0,0,0,0,0,0,0,0,1,0,1,0,0,0,0,0
raichu,"['Electric', 'Psychic']",0,0,0,1,0,0,0,0,0,0,0,0,0,0,1,0,0,0
sliggoo,['Dragon'],0,0,1,0,0,0,0,0,0,0,0,0,0,0,0,0,0,0
sylveon,['Fairy'],0,0,0,0,1,0,0,0,0,0,0,0,0,0,0,0,0,0
forretress,"['Bug', 'Steel']",1,0,0,0,0,0,0,0,0,0,0,0,0,0,0,0,1,0
rotom,"['Electric', 'Ghost']",0,0,0,1,0,0,0,0,1,0,0,0,0,0,0,0,0,0
hippopotas,['Ground'],0,0,0,0,0,0,0,0,0,0,1,0,0,0,0,0,0,0
parasect,"['Bug', 'Grass']",1,0,0,0,0,0,0,0,0,1,0,0,0,0,0,0,0,0
anorith,"['Rock', 'Bug']",1,0,0,0,0,0,0,0,0,0,0,0,0,0,0,1,0,0
accelgor,['Bug'],1,0,0,0,0,0,0,0,0,0,0,0,0,0,0,0,0,0
kirlia,"['Psychic', 'Fairy']",0,0,0,0,1,0,0,0,0,0,0,0,0,0,1,0,0,0
foongus,"['Grass', 'Poison']",0,0,0,0,0,0,0,0,0,1,0,0,0,1,0,0,0,0
lopunny,"['Normal', 'Fighting']",0,0,0,0,0,1,0,0,0,0,0,0,1,0,0,0,0,0
pineco,['Bug'],1,0,0,0,0,0,0,0,0,0,0,0,0,0,0,0,0,0
klink,['Steel'],0,0,0,0,0,0,0,0,0,0,0,0,0,0,0,0,1,0
electrike,['Electric'],0,0,0,1,0,0,0,0,0,0,0,0,0,0,0,0,0,0
zapdos,"['Electric', 'Flying']",0,0,0,1,0,0,0,1,0,0,0,0,0,0,0,0,0,0
lotad,"['Water', 'Grass']",0,0,0,0,0,0,0,0,0,1,0,0,0,0,0,0,0,1
tauros,['Normal'],0,0,0,0,0,0,0,0,0,0,0,0,1,0,0,0,0,0
hatterene,"['Psychic', 'Fairy']",0,0,0,0,1,0,0,0,0,0,0,0,0,0,1,0,0,0
roselia,"['Grass', 'Poison']",0,0,0,0,0,0,0,0,0,1,0,0,0,1,0,0,0,0
alomomola,['Water'],0,0,0,0,0,0,0,0,0,0,0,0,0,0,0,0,0,1
fletchinder,"['Fire', 'Flying']",0,0,0,0,0,0,1,1,0,0,0,0,0,0,0,0,0,0
archen,"['Rock', 'Flying']",0,0,0,0,0,0,0,1,0,0,0,0,0,0,0,1,0,0
inkay,"['Dark', 'Psychic']",0,1,0,0,0,0,0,0,0,0,0,0,0,0,1,0,0,0
electivire,['Electric'],0,0,0,1,0,0,0,0,0,0,0,0,0,0,0,0,0,0
pyukumuku,['Water'],0,0,0,0,0,0,0,0,0,0,0,0,0,0,0,0,0,1
swellow,"['Normal', 'Flying']",0,0,0,0,0,0,0,1,0,0,0,0,1,0,0,0,0,0
yamper,['Electric'],0,0,0,1,0,0,0,0,0,0,0,0,0,0,0,0,0,0
unown,['Psychic'],0,0,0,0,0,0,0,0,0,0,0,0,0,0,1,0,0,0
ho-oh,"['Fire', 'Flying']",0,0,0,0,0,0,1,1,0,0,0,0,0,0,0,0,0,0
starly,"['Normal', 'Flying']",0,0,0,0,0,0,0,1,0,0,0,0,1,0,0,0,0,0
dubwool,['Normal'],0,0,0,0,0,0,0,0,0,0,0,0,1,0,0,0,0,0
exploud,['Normal'],0,0,0,0,0,0,0,0,0,0,0,0,1,0,0,0,0,0
carvanha,"['Water', 'Dark']",0,1,0,0,0,0,0,0,0,0,0,0,0,0,0,0,0,1
mantine,"['Water', 'Flying']",0,0,0,0,0,0,0,1,0,0,0,0,0,0,0,0,0,1
lickilicky,['Normal'],0,0,0,0,0,0,0,0,0,0,0,0,1,0,0,0,0,0
snubbull,['Fairy'],0,0,0,0,1,0,0,0,0,0,0,0,0,0,0,0,0,0
gliscor,"['Ground', 'Flying']",0,0,0,0,0,0,0,1,0,0,1,0,0,0,0,0,0,0
doublade,"['Steel', 'Ghost']",0,0,0,0,0,0,0,0,1,0,0,0,0,0,0,0,1,0
snivy,['Grass'],0,0,0,0,0,0,0,0,0,1,0,0,0,0,0,0,0,0
steelix,"['Steel', 'Ground']",0,0,0,0,0,0,0,0,0,0,1,0,0,0,0,0,1,0
crustle,"['Bug', 'Rock']",1,0,0,0,0,0,0,0,0,0,0,0,0,0,0,1,0,0
bronzong,"['Steel', 'Psychic']",0,0,0,0,0,0,0,0,0,0,0,0,0,0,1,0,1,0
skwovet,['Normal'],0,0,0,0,0,0,0,0,0,0,0,0,1,0,0,0,0,0
paras,"['Bug', 'Grass']",1,0,0,0,0,0,0,0,0,1,0,0,0,0,0,0,0,0
gible,"['Dragon', 'Ground']",0,0,1,0,0,0,0,0,0,0,1,0,0,0,0,0,0,0
bonsly,['Rock'],0,0,0,0,0,0,0,0,0,0,0,0,0,0,0,1,0,0
pidgeot,"['Normal', 'Flying']",0,0,0,0,0,0,0,1,0,0,0,0,1,0,0,0,0,0
dragapult,"['Dragon', 'Ghost']",0,0,1,0,0,0,0,0,1,0,0,0,0,0,0,0,0,0
gardevoir,"['Psychic', 'Fairy']",0,0,0,0,1,0,0,0,0,0,0,0,0,0,1,0,0,0
seadra,['Water'],0,0,0,0,0,0,0,0,0,0,0,0,0,0,0,0,0,1
pelipper,"['Water', 'Flying']",0,0,0,0,0,0,0,1,0,0,0,0,0,0,0,0,0,1
exeggutor,"['Grass', 'Psychic']",0,0,0,0,0,0,0,0,0,1,0,0,0,0,1,0,0,0
camerupt,"['Fire', 'Ground']",0,0,0,0,0,0,1,0,0,0,1,0,0,0,0,0,0,0
suicune,['Water'],0,0,0,0,0,0,0,0,0,0,0,0,0,0,0,0,0,1
cinccino,['Normal'],0,0,0,0,0,0,0,0,0,0,0,0,1,0,0,0,0,0
cleffa,['Fairy'],0,0,0,0,1,0,0,0,0,0,0,0,0,0,0,0,0,0
zeraora,['Electric'],0,0,0,1,0,0,0,0,0,0,0,0,0,0,0,0,0,0
golduck,['Water'],0,0,0,0,0,0,0,0,0,0,0,0,0,0,0,0,0,1
falinks,['Fighting'],0,0,0,0,0,1,0,0,0,0,0,0,0,0,0,0,0,0
abomasnow,"['Grass', 'Ice']",0,0,0,0,0,0,0,0,0,1,0,1,0,0,0,0,0,0
zarude,"['Dark', 'Grass']",0,1,0,0,0,0,0,0,0,1,0,0,0,0,0,0,0,0
machop,['Fighting'],0,0,0,0,0,1,0,0,0,0,0,0,0,0,0,0,0,0
teddiursa,['Normal'],0,0,0,0,0,0,0,0,0,0,0,0,1,0,0,0,0,0
lanturn,"['Water', 'Electric']",0,0,0,1,0,0,0,0,0,0,0,0,0,0,0,0,0,1
nuzleaf,"['Grass', 'Dark']",0,1,0,0,0,0,0,0,0,1,0,0,0,0,0,0,0,0
clobbopus,['Fighting'],0,0,0,0,0,1,0,0,0,0,0,0,0,0,0,0,0,0
gigalith,['Rock'],0,0,0,0,0,0,0,0,0,0,0,0,0,0,0,1,0,0
xerneas,['Fairy'],0,0,0,0,1,0,0,0,0,0,0,0,0,0,0,0,0,0
chingling,['Psychic'],0,0,0,0,0,0,0,0,0,0,0,0,0,0,1,0,0,0
empoleon,"['Water', 'Steel']",0,0,0,0,0,0,0,0,0,0,0,0,0,0,0,0,1,1
reshiram,"['Dragon', 'Fire']",0,0,1,0,0,0,1,0,0,0,0,0,0,0,0,0,0,0
weepinbell,"['Grass', 'Poison']",0,0,0,0,0,0,0,0,0,1,0,0,0,1,0,0,0,0
wailord,['Water'],0,0,0,0,0,0,0,0,0,0,0,0,0,0,0,0,0,1
genesect,"['Bug', 'Steel']",1,0,0,0,0,0,0,0,0,0,0,0,0,0,0,0,1,0
guzzlord,"['Dark', 'Dragon']",0,1,1,0,0,0,0,0,0,0,0,0,0,0,0,0,0,0
qwilfish,"['Water', 'Poison']",0,0,0,0,0,0,0,0,0,0,0,0,0,1,0,0,0,1
crabrawler,['Fighting'],0,0,0,0,0,1,0,0,0,0,0,0,0,0,0,0,0,0
rookidee,['Flying'],0,0,0,0,0,0,0,1,0,0,0,0,0,0,0,0,0,0
petilil,['Grass'],0,0,0,0,0,0,0,0,0,1,0,0,0,0,0,0,0,0
turtwig,['Grass'],0,0,0,0,0,0,0,0,0,1,0,0,0,0,0,0,0,0
salamence,"['Dragon', 'Flying']",0,0,1,0,0,0,0,1,0,0,0,0,0,0,0,0,0,0
kadabra,['Psychic'],0,0,0,0,0,0,0,0,0,0,0,0,0,0,1,0,0,0
galvantula,"['Bug', 'Electric']",1,0,0,1,0,0,0,0,0,0,0,0,0,0,0,0,0,0
vibrava,"['Ground', 'Dragon']",0,0,1,0,0,0,0,0,0,0,1,0,0,0,0,0,0,0
grimmsnarl,"['Dark', 'Fairy']",0,1,0,0,1,0,0,0,0,0,0,0,0,0,0,0,0,0
lunala,"['Psychic', 'Ghost']",0,0,0,0,0,0,0,0,1,0,0,0,0,0,1,0,0,0
groudon,"['Ground', 'Fire']",0,0,0,0,0,0,1,0,0,0,1,0,0,0,0,0,0,0
porygon-z,['Normal'],0,0,0,0,0,0,0,0,0,0,0,0,1,0,0,0,0,0
bayleef,['Grass'],0,0,0,0,0,0,0,0,0,1,0,0,0,0,0,0,0,0
hydreigon,"['Dark', 'Dragon']",0,1,1,0,0,0,0,0,0,0,0,0,0,0,0,0,0,0
kangaskhan,['Normal'],0,0,0,0,0,0,0,0,0,0,0,0,1,0,0,0,0,0
smoochum,"['Ice', 'Psychic']",0,0,0,0,0,0,0,0,0,0,0,1,0,0,1,0,0,0
frogadier,['Water'],0,0,0,0,0,0,0,0,0,0,0,0,0,0,0,0,0,1
drednaw,"['Water', 'Rock']",0,0,0,0,0,0,0,0,0,0,0,0,0,0,0,1,0,1
zweilous,"['Dark', 'Dragon']",0,1,1,0,0,0,0,0,0,0,0,0,0,0,0,0,0,0
starmie,"['Water', 'Psychic']",0,0,0,0,0,0,0,0,0,0,0,0,0,0,1,0,0,1
cherrim,['Grass'],0,0,0,0,0,0,0,0,0,1,0,0,0,0,0,0,0,0
bisharp,"['Dark', 'Steel']",0,1,0,0,0,0,0,0,0,0,0,0,0,0,0,0,1,0
scrafty,"['Dark', 'Fighting']",0,1,0,0,0,1,0,0,0,0,0,0,0,0,0,0,0,0
wooper,"['Water', 'Ground']",0,0,0,0,0,0,0,0,0,0,1,0,0,0,0,0,0,1
chandelure,"['Ghost', 'Fire']",0,0,0,0,0,0,1,0,1,0,0,0,0,0,0,0,0,0
mamoswine,"['Ice', 'Ground']",0,0,0,0,0,0,0,0,0,0,1,1,0,0,0,0,0,0
raboot,['Fire'],0,0,0,0,0,0,1,0,0,0,0,0,0,0,0,0,0,0
toxicroak,"['Poison', 'Fighting']",0,0,0,0,0,1,0,0,0,0,0,0,0,1,0,0,0,0
runerigus,"['Ground', 'Ghost']",0,0,0,0,0,0,0,0,1,0,1,0,0,0,0,0,0,0
ninjask,"['Bug', 'Flying']",1,0,0,0,0,0,0,1,0,0,0,0,0,0,0,0,0,0
ditto,['Normal'],0,0,0,0,0,0,0,0,0,0,0,0,1,0,0,0,0,0
greedent,['Normal'],0,0,0,0,0,0,0,0,0,0,0,0,1,0,0,0,0,0
minccino,['Normal'],0,0,0,0,0,0,0,0,0,0,0,0,1,0,0,0,0,0
bidoof,['Normal'],0,0,0,0,0,0,0,0,0,0,0,0,1,0,0,0,0,0
whiscash,"['Water', 'Ground']",0,0,0,0,0,0,0,0,0,0,1,0,0,0,0,0,0,1
cresselia,['Psychic'],0,0,0,0,0,0,0,0,0,0,0,0,0,0,1,0,0,0
clefairy,['Fairy'],0,0,0,0,1,0,0,0,0,0,0,0,0,0,0,0,0,0
skitty,['Normal'],0,0,0,0,0,0,0,0,0,0,0,0,1,0,0,0,0,0
tangela,['Grass'],0,0,0,0,0,0,0,0,0,1,0,0,0,0,0,0,0,0
dracovish,"['Water', 'Dragon']",0,0,1,0,0,0,0,0,0,0,0,0,0,0,0,0,0,1
slurpuff,['Fairy'],0,0,0,0,1,0,0,0,0,0,0,0,0,0,0,0,0,0
beheeyem,['Psychic'],0,0,0,0,0,0,0,0,0,0,0,0,0,0,1,0,0,0
honchkrow,"['Dark', 'Flying']",0,1,0,0,0,0,0,1,0,0,0,0,0,0,0,0,0,0
manectric,['Electric'],0,0,0,1,0,0,0,0,0,0,0,0,0,0,0,0,0,0
zangoose,['Normal'],0,0,0,0,0,0,0,0,0,0,0,0,1,0,0,0,0,0
pawniard,"['Dark', 'Steel']",0,1,0,0,0,0,0,0,0,0,0,0,0,0,0,0,1,0
happiny,['Normal'],0,0,0,0,0,0,0,0,0,0,0,0,1,0,0,0,0,0
impidimp,"['Dark', 'Fairy']",0,1,0,0,1,0,0,0,0,0,0,0,0,0,0,0,0,0
vanillite,['Ice'],0,0,0,0,0,0,0,0,0,0,0,1,0,0,0,0,0,0
cottonee,"['Grass', 'Fairy']",0,0,0,0,1,0,0,0,0,1,0,0,0,0,0,0,0,0
mewtwo,"['Psychic', 'Fighting']",0,0,0,0,0,1,0,0,0,0,0,0,0,0,1,0,0,0
kakuna,"['Bug', 'Poison']",1,0,0,0,0,0,0,0,0,0,0,0,0,1,0,0,0,0
tyrantrum,"['Rock', 'Dragon']",0,0,1,0,0,0,0,0,0,0,0,0,0,0,0,1,0,0
cosmog,['Psychic'],0,0,0,0,0,0,0,0,0,0,0,0,0,0,1,0,0,0
latias,"['Dragon', 'Psychic']",0,0,1,0,0,0,0,0,0,0,0,0,0,0,1,0,0,0
frosmoth,"['Ice', 'Bug']",1,0,0,0,0,0,0,0,0,0,0,1,0,0,0,0,0,0
hakamo-o,"['Dragon', 'Fighting']",0,0,1,0,0,1,0,0,0,0,0,0,0,0,0,0,0,0
arbok,['Poison'],0,0,0,0,0,0,0,0,0,0,0,0,0,1,0,0,0,0
dewott,['Water'],0,0,0,0,0,0,0,0,0,0,0,0,0,0,0,0,0,1
snover,"['Grass', 'Ice']",0,0,0,0,0,0,0,0,0,1,0,1,0,0,0,0,0,0
growlithe,['Fire'],0,0,0,0,0,0,1,0,0,0,0,0,0,0,0,0,0,0
kubfu,['Fighting'],0,0,0,0,0,1,0,0,0,0,0,0,0,0,0,0,0,0
vespiquen,"['Bug', 'Flying']",1,0,0,0,0,0,0,1,0,0,0,0,0,0,0,0,0,0
ambipom,['Normal'],0,0,0,0,0,0,0,0,0,0,0,0,1,0,0,0,0,0
liepard,['Dark'],0,1,0,0,0,0,0,0,0,0,0,0,0,0,0,0,0,0
lileep,"['Rock', 'Grass']",0,0,0,0,0,0,0,0,0,1,0,0,0,0,0,1,0,0
greninja,"['Water', 'Dark']",0,1,0,0,0,0,0,0,0,0,0,0,0,0,0,0,0,1
incineroar,"['Fire', 'Dark']",0,1,0,0,0,0,1,0,0,0,0,0,0,0,0,0,0,0
arctozolt,"['Electric', 'Ice']",0,0,0,1,0,0,0,0,0,0,0,1,0,0,0,0,0,0
sinistea,['Ghost'],0,0,0,0,0,0,0,0,1,0,0,0,0,0,0,0,0,0
delibird,"['Ice', 'Flying']",0,0,0,0,0,0,0,1,0,0,0,1,0,0,0,0,0,0
persian,"['Normal', 'Dark']",0,1,0,0,0,0,0,0,0,0,0,0,1,0,0,0,0,0
azurill,"['Normal', 'Fairy']",0,0,0,0,1,0,0,0,0,0,0,0,1,0,0,0,0,0
dialga,"['Steel', 'Dragon']",0,0,1,0,0,0,0,0,0,0,0,0,0,0,0,0,1,0
finneon,['Water'],0,0,0,0,0,0,0,0,0,0,0,0,0,0,0,0,0,1
gothita,['Psychic'],0,0,0,0,0,0,0,0,0,0,0,0,0,0,1,0,0,0
stantler,['Normal'],0,0,0,0,0,0,0,0,0,0,0,0,1,0,0,0,0,0
quagsire,"['Water', 'Ground']",0,0,0,0,0,0,0,0,0,0,1,0,0,0,0,0,0,1
silcoon,['Bug'],1,0,0,0,0,0,0,0,0,0,0,0,0,0,0,0,0,0
swampert,"['Water', 'Ground']",0,0,0,0,0,0,0,0,0,0,1,0,0,0,0,0,0,1
cryogonal,['Ice'],0,0,0,0,0,0,0,0,0,0,0,1,0,0,0,0,0,0
golbat,"['Poison', 'Flying']",0,0,0,0,0,0,0,1,0,0,0,0,0,1,0,0,0,0
oshawott,['Water'],0,0,0,0,0,0,0,0,0,0,0,0,0,0,0,0,0,1
applin,"['Grass', 'Dragon']",0,0,1,0,0,0,0,0,0,1,0,0,0,0,0,0,0,0
cloyster,"['Water', 'Ice']",0,0,0,0,0,0,0,0,0,0,0,1,0,0,0,0,0,1
hariyama,['Fighting'],0,0,0,0,0,1,0,0,0,0,0,0,0,0,0,0,0,0
fomantis,['Grass'],0,0,0,0,0,0,0,0,0,1,0,0,0,0,0,0,0,0
primarina,"['Water', 'Fairy']",0,0,0,0,1,0,0,0,0,0,0,0,0,0,0,0,0,1
whimsicott,"['Grass', 'Fairy']",0,0,0,0,1,0,0,0,0,1,0,0,0,0,0,0,0,0
dragonite,"['Dragon', 'Flying']",0,0,1,0,0,0,0,1,0,0,0,0,0,0,0,0,0,0
chinchou,"['Water', 'Electric']",0,0,0,1,0,0,0,0,0,0,0,0,0,0,0,0,0,1
patrat,['Normal'],0,0,0,0,0,0,0,0,0,0,0,0,1,0,0,0,0,0
dodrio,"['Normal', 'Flying']",0,0,0,0,0,0,0,1,0,0,0,0,1,0,0,0,0,0
granbull,['Fairy'],0,0,0,0,1,0,0,0,0,0,0,0,0,0,0,0,0,0
shelmet,['Bug'],1,0,0,0,0,0,0,0,0,0,0,0,0,0,0,0,0,0
zebstrika,['Electric'],0,0,0,1,0,0,0,0,0,0,0,0,0,0,0,0,0,0
sandslash,"['Ground', 'Ice']",0,0,0,0,0,0,0,0,0,0,1,1,0,0,0,0,0,0
regice,['Ice'],0,0,0,0,0,0,0,0,0,0,0,1,0,0,0,0,0,0
spinda,['Normal'],0,0,0,0,0,0,0,0,0,0,0,0,1,0,0,0,0,0
omastar,"['Rock', 'Water']",0,0,0,0,0,0,0,0,0,0,0,0,0,0,0,1,0,1
yanma,"['Bug', 'Flying']",1,0,0,0,0,0,0,1,0,0,0,0,0,0,0,0,0,0
bastiodon,"['Rock', 'Steel']",0,0,0,0,0,0,0,0,0,0,0,0,0,0,0,1,1,0
tsareena,['Grass'],0,0,0,0,0,0,0,0,0,1,0,0,0,0,0,0,0,0
cufant,['Steel'],0,0,0,0,0,0,0,0,0,0,0,0,0,0,0,0,1,0
seedot,['Grass'],0,0,0,0,0,0,0,0,0,1,0,0,0,0,0,0,0,0
dewgong,"['Water', 'Ice']",0,0,0,0,0,0,0,0,0,0,0,1,0,0,0,0,0,1
appletun,"['Grass', 'Dragon']",0,0,1,0,0,0,0,0,0,1,0,0,0,0,0,0,0,0
numel,"['Fire', 'Ground']",0,0,0,0,0,0,1,0,0,0,1,0,0,0,0,0,0,0
beautifly,"['Bug', 'Flying']",1,0,0,0,0,0,0,1,0,0,0,0,0,0,0,0,0,0
wingull,"['Water', 'Flying']",0,0,0,0,0,0,0,1,0,0,0,0,0,0,0,0,0,1
oddish,"['Grass', 'Poison']",0,0,0,0,0,0,0,0,0,1,0,0,0,1,0,0,0,0
regigigas,['Normal'],0,0,0,0,0,0,0,0,0,0,0,0,1,0,0,0,0,0
misdreavus,['Ghost'],0,0,0,0,0,0,0,0,1,0,0,0,0,0,0,0,0,0
gligar,"['Ground', 'Flying']",0,0,0,0,0,0,0,1,0,0,1,0,0,0,0,0,0,0
porygon,['Normal'],0,0,0,0,0,0,0,0,0,0,0,0,1,0,0,0,0,0
elgyem,['Psychic'],0,0,0,0,0,0,0,0,0,0,0,0,0,0,1,0,0,0
ariados,"['Bug', 'Poison']",1,0,0,0,0,0,0,0,0,0,0,0,0,1,0,0,0,0
sizzlipede,"['Fire', 'Bug']",1,0,0,0,0,0,1,0,0,0,0,0,0,0,0,0,0,0
magmortar,['Fire'],0,0,0,0,0,0,1,0,0,0,0,0,0,0,0,0,0,0
joltik,"['Bug', 'Electric']",1,0,0,1,0,0,0,0,0,0,0,0,0,0,0,0,0,0
entei,['Fire'],0,0,0,0,0,0,1,0,0,0,0,0,0,0,0,0,0,0
azumarill,"['Water', 'Fairy']",0,0,0,0,1,0,0,0,0,0,0,0,0,0,0,0,0,1
whirlipede,"['Bug', 'Poison']",1,0,0,0,0,0,0,0,0,0,0,0,0,1,0,0,0,0
kecleon,['Normal'],0,0,0,0,0,0,0,0,0,0,0,0,1,0,0,0,0,0
mew,['Psychic'],0,0,0,0,0,0,0,0,0,0,0,0,0,0,1,0,0,0
whismur,['Normal'],0,0,0,0,0,0,0,0,0,0,0,0,1,0,0,0,0,0
torkoal,['Fire'],0,0,0,0,0,0,1,0,0,0,0,0,0,0,0,0,0,0
simisear,['Fire'],0,0,0,0,0,0,1,0,0,0,0,0,0,0,0,0,0,0
dratini,['Dragon'],0,0,1,0,0,0,0,0,0,0,0,0,0,0,0,0,0,0
toucannon,"['Normal', 'Flying']",0,0,0,0,0,0,0,1,0,0,0,0,1,0,0,0,0,0
swoobat,"['Psychic', 'Flying']",0,0,0,0,0,0,0,1,0,0,0,0,0,0,1,0,0,0
nihilego,"['Rock', 'Poison']",0,0,0,0,0,0,0,0,0,0,0,0,0,1,0,1,0,0
wimpod,"['Bug', 'Water']",1,0,0,0,0,0,0,0,0,0,0,0,0,0,0,0,0,1
staraptor,"['Normal', 'Flying']",0,0,0,0,0,0,0,1,0,0,0,0,1,0,0,0,0,0
wigglytuff,"['Normal', 'Fairy']",0,0,0,0,1,0,0,0,0,0,0,0,1,0,0,0,0,0
dartrix,"['Grass', 'Flying']",0,0,0,0,0,0,0,1,0,1,0,0,0,0,0,0,0,0
riolu,['Fighting'],0,0,0,0,0,1,0,0,0,0,0,0,0,0,0,0,0,0
croconaw,['Water'],0,0,0,0,0,0,0,0,0,0,0,0,0,0,0,0,0,1
rapidash,"['Fire', 'Psychic']",0,0,0,0,0,0,1,0,0,0,0,0,0,0,1,0,0,0
rillaboom,['Grass'],0,0,0,0,0,0,0,0,0,1,0,0,0,0,0,0,0,0
shedinja,"['Bug', 'Ghost']",1,0,0,0,0,0,0,0,1,0,0,0,0,0,0,0,0,0
chewtle,['Water'],0,0,0,0,0,0,0,0,0,0,0,0,0,0,0,0,0,1
emboar,"['Fire', 'Fighting']",0,0,0,0,0,1,1,0,0,0,0,0,0,0,0,0,0,0
regirock,['Rock'],0,0,0,0,0,0,0,0,0,0,0,0,0,0,0,1,0,0
charjabug,"['Bug', 'Electric']",1,0,0,1,0,0,0,0,0,0,0,0,0,0,0,0,0,0
lugia,"['Psychic', 'Flying']",0,0,0,0,0,0,0,1,0,0,0,0,0,0,1,0,0,0
lucario,"['Fighting', 'Steel']",0,0,0,0,0,1,0,0,0,0,0,0,0,0,0,0,1,0
clamperl,['Water'],0,0,0,0,0,0,0,0,0,0,0,0,0,0,0,0,0,1
bellsprout,"['Grass', 'Poison']",0,0,0,0,0,0,0,0,0,1,0,0,0,1,0,0,0,0
crobat,"['Poison', 'Flying']",0,0,0,0,0,0,0,1,0,0,0,0,0,1,0,0,0,0
ledian,"['Bug', 'Flying']",1,0,0,0,0,0,0,1,0,0,0,0,0,0,0,0,0,0
vivillon,"['Bug', 'Flying']",1,0,0,0,0,0,0,1,0,0,0,0,0,0,0,0,0,0
duosion,['Psychic'],0,0,0,0,0,0,0,0,0,0,0,0,0,0,1,0,0,0
torchic,['Fire'],0,0,0,0,0,0,1,0,0,0,0,0,0,0,0,0,0,0
shiftry,"['Grass', 'Dark']",0,1,0,0,0,0,0,0,0,1,0,0,0,0,0,0,0,0
alcremie,['Fairy'],0,0,0,0,1,0,0,0,0,0,0,0,0,0,0,0,0,0
snorlax,['Normal'],0,0,0,0,0,0,0,0,0,0,0,0,1,0,0,0,0,0
azelf,['Psychic'],0,0,0,0,0,0,0,0,0,0,0,0,0,0,1,0,0,0
mareep,['Electric'],0,0,0,1,0,0,0,0,0,0,0,0,0,0,0,0,0,0
florges,['Fairy'],0,0,0,0,1,0,0,0,0,0,0,0,0,0,0,0,0,0
graveler,"['Rock', 'Ground']",0,0,0,0,0,0,0,0,0,0,1,0,0,0,0,1,0,0
seel,['Water'],0,0,0,0,0,0,0,0,0,0,0,0,0,0,0,0,0,1
primeape,['Fighting'],0,0,0,0,0,1,0,0,0,0,0,0,0,0,0,0,0,0
slugma,['Fire'],0,0,0,0,0,0,1,0,0,0,0,0,0,0,0,0,0,0
samurott,['Water'],0,0,0,0,0,0,0,0,0,0,0,0,0,0,0,0,0,1
froslass,"['Ice', 'Ghost']",0,0,0,0,0,0,0,0,1,0,0,1,0,0,0,0,0,0
gossifleur,['Grass'],0,0,0,0,0,0,0,0,0,1,0,0,0,0,0,0,0,0
litwick,"['Ghost', 'Fire']",0,0,0,0,0,0,1,0,1,0,0,0,0,0,0,0,0,0
croagunk,"['Poison', 'Fighting']",0,0,0,0,0,1,0,0,0,0,0,0,0,1,0,0,0,0
skrelp,"['Poison', 'Water']",0,0,0,0,0,0,0,0,0,0,0,0,0,1,0,0,0,1
togepi,['Fairy'],0,0,0,0,1,0,0,0,0,0,0,0,0,0,0,0,0,0
pikachu,['Electric'],0,0,0,1,0,0,0,0,0,0,0,0,0,0,0,0,0,0
mudkip,['Water'],0,0,0,0,0,0,0,0,0,0,0,0,0,0,0,0,0,1
cranidos,['Rock'],0,0,0,0,0,0,0,0,0,0,0,0,0,0,0,1,0,0
cramorant,"['Flying', 'Water']",0,0,0,0,0,0,0,1,0,0,0,0,0,0,0,0,0,1
sandaconda,['Ground'],0,0,0,0,0,0,0,0,0,0,1,0,0,0,0,0,0,0
venipede,"['Bug', 'Poison']",1,0,0,0,0,0,0,0,0,0,0,0,0,1,0,0,0,0
scyther,"['Bug', 'Flying']",1,0,0,0,0,0,0,1,0,0,0,0,0,0,0,0,0,0
huntail,['Water'],0,0,0,0,0,0,0,0,0,0,0,0,0,0,0,0,0,1
meltan,['Steel'],0,0,0,0,0,0,0,0,0,0,0,0,0,0,0,0,1,0
hattrem,['Psychic'],0,0,0,0,0,0,0,0,0,0,0,0,0,0,1,0,0,0
dracozolt,"['Electric', 'Dragon']",0,0,1,1,0,0,0,0,0,0,0,0,0,0,0,0,0,0
clefable,['Fairy'],0,0,0,0,1,0,0,0,0,0,0,0,0,0,0,0,0,0
sunkern,['Grass'],0,0,0,0,0,0,0,0,0,1,0,0,0,0,0,0,0,0
roggenrola,['Rock'],0,0,0,0,0,0,0,0,0,0,0,0,0,0,0,1,0,0
crabominable,"['Fighting', 'Ice']",0,0,0,0,0,1,0,0,0,0,0,1,0,0,0,0,0,0
watchog,['Normal'],0,0,0,0,0,0,0,0,0,0,0,0,1,0,0,0,0,0
drifblim,"['Ghost', 'Flying']",0,0,0,0,0,0,0,1,1,0,0,0,0,0,0,0,0,0
rolycoly,['Rock'],0,0,0,0,0,0,0,0,0,0,0,0,0,0,0,1,0,0
girafarig,"['Normal', 'Psychic']",0,0,0,0,0,0,0,0,0,0,0,0,1,0,1,0,0,0
golurk,"['Ground', 'Ghost']",0,0,0,0,0,0,0,0,1,0,1,0,0,0,0,0,0,0
latios,"['Dragon', 'Psychic']",0,0,1,0,0,0,0,0,0,0,0,0,0,0,1,0,0,0
claydol,"['Ground', 'Psychic']",0,0,0,0,0,0,0,0,0,0,1,0,0,0,1,0,0,0
dottler,"['Bug', 'Psychic']",1,0,0,0,0,0,0,0,0,0,0,0,0,0,1,0,0,0
druddigon,['Dragon'],0,0,1,0,0,0,0,0,0,0,0,0,0,0,0,0,0,0
magnemite,"['Electric', 'Steel']",0,0,0,1,0,0,0,0,0,0,0,0,0,0,0,0,1,0
flaaffy,['Electric'],0,0,0,1,0,0,0,0,0,0,0,0,0,0,0,0,0,0
lombre,"['Water', 'Grass']",0,0,0,0,0,0,0,0,0,1,0,0,0,0,0,0,0,1
togekiss,"['Fairy', 'Flying']",0,0,0,0,1,0,0,1,0,0,0,0,0,0,0,0,0,0
cobalion,"['Steel', 'Fighting']",0,0,0,0,0,1,0,0,0,0,0,0,0,0,0,0,1,0
leavanny,"['Bug', 'Grass']",1,0,0,0,0,0,0,0,0,1,0,0,0,0,0,0,0,0
skiddo,['Grass'],0,0,0,0,0,0,0,0,0,1,0,0,0,0,0,0,0,0
shuppet,['Ghost'],0,0,0,0,0,0,0,0,1,0,0,0,0,0,0,0,0,0
unfezant,"['Normal', 'Flying']",0,0,0,0,0,0,0,1,0,0,0,0,1,0,0,0,0,0
eldegoss,['Grass'],0,0,0,0,0,0,0,0,0,1,0,0,0,0,0,0,0,0
typhlosion,['Fire'],0,0,0,0,0,0,1,0,0,0,0,0,0,0,0,0,0,0
vileplume,"['Grass', 'Poison']",0,0,0,0,0,0,0,0,0,1,0,0,0,1,0,0,0,0
tyrogue,['Fighting'],0,0,0,0,0,1,0,0,0,0,0,0,0,0,0,0,0,0
sandshrew,"['Ground', 'Ice']",0,0,0,0,0,0,0,0,0,0,1,1,0,0,0,0,0,0
steenee,['Grass'],0,0,0,0,0,0,0,0,0,1,0,0,0,0,0,0,0,0
solgaleo,"['Psychic', 'Steel']",0,0,0,0,0,0,0,0,0,0,0,0,0,0,1,0,1,0
kricketot,['Bug'],1,0,0,0,0,0,0,0,0,0,0,0,0,0,0,0,0,0
wobbuffet,['Psychic'],0,0,0,0,0,0,0,0,0,0,0,0,0,0,1,0,0,0
noivern,"['Flying', 'Dragon']",0,0,1,0,0,0,0,1,0,0,0,0,0,0,0,0,0,0
gallade,"['Psychic', 'Fighting']",0,0,0,0,0,1,0,0,0,0,0,0,0,0,1,0,0,0
torterra,"['Grass', 'Ground']",0,0,0,0,0,0,0,0,0,1,1,0,0,0,0,0,0,0
makuhita,['Fighting'],0,0,0,0,0,1,0,0,0,0,0,0,0,0,0,0,0,0
natu,"['Psychic', 'Flying']",0,0,0,0,0,0,0,1,0,0,0,0,0,0,1,0,0,0
chikorita,['Grass'],0,0,0,0,0,0,0,0,0,1,0,0,0,0,0,0,0,0
espurr,['Psychic'],0,0,0,0,0,0,0,0,0,0,0,0,0,0,1,0,0,0
tangrowth,['Grass'],0,0,0,0,0,0,0,0,0,1,0,0,0,0,0,0,0,0
rockruff,['Rock'],0,0,0,0,0,0,0,0,0,0,0,0,0,0,0,1,0,0
kartana,"['Grass', 'Steel']",0,0,0,0,0,0,0,0,0,1,0,0,0,0,0,0,1,0
eternatus,"['Poison', 'Dragon']",0,0,1,0,0,0,0,0,0,0,0,0,0,1,0,0,0,0
skiploom,"['Grass', 'Flying']",0,0,0,0,0,0,0,1,0,1,0,0,0,0,0,0,0,0
gurdurr,['Fighting'],0,0,0,0,0,1,0,0,0,0,0,0,0,0,0,0,0,0
sharpedo,"['Water', 'Dark']",0,1,0,0,0,0,0,0,0,0,0,0,0,0,0,0,0,1
lillipup,['Normal'],0,0,0,0,0,0,0,0,0,0,0,0,1,0,0,0,0,0
toxel,"['Electric', 'Poison']",0,0,0,1,0,0,0,0,0,0,0,0,0,1,0,0,0,0
ivysaur,"['Grass', 'Poison']",0,0,0,0,0,0,0,0,0,1,0,0,0,1,0,0,0,0
fraxure,['Dragon'],0,0,1,0,0,0,0,0,0,0,0,0,0,0,0,0,0,0
sawk,['Fighting'],0,0,0,0,0,1,0,0,0,0,0,0,0,0,0,0,0,0
scolipede,"['Bug', 'Poison']",1,0,0,0,0,0,0,0,0,0,0,0,0,1,0,0,0,0
glameow,['Normal'],0,0,0,0,0,0,0,0,0,0,0,0,1,0,0,0,0,0
kingler,['Water'],0,0,0,0,0,0,0,0,0,0,0,0,0,0,0,0,0,1
kommo-o,"['Dragon', 'Fighting']",0,0,1,0,0,1,0,0,0,0,0,0,0,0,0,0,0,0
elekid,['Electric'],0,0,0,1,0,0,0,0,0,0,0,0,0,0,0,0,0,0
vulpix,"['Fire', 'Ice']",0,0,0,0,0,0,1,0,0,0,0,1,0,0,0,0,0,0
solosis,['Psychic'],0,0,0,0,0,0,0,0,0,0,0,0,0,0,1,0,0,0
mienshao,['Fighting'],0,0,0,0,0,1,0,0,0,0,0,0,0,0,0,0,0,0
houndour,"['Dark', 'Fire']",0,1,0,0,0,0,1,0,0,0,0,0,0,0,0,0,0,0
ninetales,"['Fire', 'Ice']",0,0,0,0,0,0,1,0,0,0,0,1,0,0,0,0,0,0
sealeo,"['Ice', 'Water']",0,0,0,0,0,0,0,0,0,0,0,1,0,0,0,0,0,1
yveltal,"['Dark', 'Flying']",0,1,0,0,0,0,0,1,0,0,0,0,0,0,0,0,0,0
vanilluxe,['Ice'],0,0,0,0,0,0,0,0,0,0,0,1,0,0,0,0,0,0
trevenant,"['Ghost', 'Grass']",0,0,0,0,0,0,0,0,1,1,0,0,0,0,0,0,0,0
salandit,"['Poison', 'Fire']",0,0,0,0,0,0,1,0,0,0,0,0,0,1,0,0,0,0
swablu,"['Normal', 'Flying']",0,0,0,0,0,0,0,1,0,0,0,0,1,0,0,0,0,0
servine,['Grass'],0,0,0,0,0,0,0,0,0,1,0,0,0,0,0,0,0,0
stunfisk,"['Ground', 'Electric']",0,0,0,1,0,0,0,0,0,0,1,0,0,0,0,0,0,0
piplup,['Water'],0,0,0,0,0,0,0,0,0,0,0,0,0,0,0,0,0,1
wartortle,['Water'],0,0,0,0,0,0,0,0,0,0,0,0,0,0,0,0,0,1
purugly,['Normal'],0,0,0,0,0,0,0,0,0,0,0,0,1,0,0,0,0,0
buzzwole,"['Bug', 'Fighting']",1,0,0,0,0,1,0,0,0,0,0,0,0,0,0,0,0,0
feraligatr,['Water'],0,0,0,0,0,0,0,0,0,0,0,0,0,0,0,0,0,1
cutiefly,"['Bug', 'Fairy']",1,0,0,0,1,0,0,0,0,0,0,0,0,0,0,0,0,0
palossand,"['Ghost', 'Ground']",0,0,0,0,0,0,0,0,1,0,1,0,0,0,0,0,0,0
axew,['Dragon'],0,0,1,0,0,0,0,0,0,0,0,0,0,0,0,0,0,0
phanpy,['Ground'],0,0,0,0,0,0,0,0,0,0,1,0,0,0,0,0,0,0
delphox,"['Fire', 'Psychic']",0,0,0,0,0,0,1,0,0,0,0,0,0,0,1,0,0,0
shieldon,"['Rock', 'Steel']",0,0,0,0,0,0,0,0,0,0,0,0,0,0,0,1,1,0
wynaut,['Psychic'],0,0,0,0,0,0,0,0,0,0,0,0,0,0,1,0,0,0
stunky,"['Poison', 'Dark']",0,1,0,0,0,0,0,0,0,0,0,0,0,1,0,0,0,0
virizion,"['Grass', 'Fighting']",0,0,0,0,0,1,0,0,0,1,0,0,0,0,0,0,0,0
castform,"['Normal', 'Fire']",0,0,0,0,0,0,1,0,0,0,0,0,1,0,0,0,0,0
polteageist,['Ghost'],0,0,0,0,0,0,0,0,1,0,0,0,0,0,0,0,0,0
feebas,['Water'],0,0,0,0,0,0,0,0,0,0,0,0,0,0,0,0,0,1
psyduck,['Water'],0,0,0,0,0,0,0,0,0,0,0,0,0,0,0,0,0,1
snom,"['Ice', 'Bug']",1,0,0,0,0,0,0,0,0,0,0,1,0,0,0,0,0,0
meditite,"['Fighting', 'Psychic']",0,0,0,0,0,1,0,0,0,0,0,0,0,0,1,0,0,0
pincurchin,['Electric'],0,0,0,1,0,0,0,0,0,0,0,0,0,0,0,0,0,0
terrakion,"['Rock', 'Fighting']",0,0,0,0,0,1,0,0,0,0,0,0,0,0,0,1,0,0
dunsparce,['Normal'],0,0,0,0,0,0,0,0,0,0,0,0,1,0,0,0,0,0
kyurem,"['Dragon', 'Ice']",0,0,1,0,0,0,0,0,0,0,0,1,0,0,0,0,0,0
larvesta,"['Bug', 'Fire']",1,0,0,0,0,0,1,0,0,0,0,0,0,0,0,0,0,0
sudowoodo,['Rock'],0,0,0,0,0,0,0,0,0,0,0,0,0,0,0,1,0,0
eevee,['Normal'],0,0,0,0,0,0,0,0,0,0,0,0,1,0,0,0,0,0
aerodactyl,"['Rock', 'Flying']",0,0,0,0,0,0,0,1,0,0,0,0,0,0,0,1,0,0
seismitoad,"['Water', 'Ground']",0,0,0,0,0,0,0,0,0,0,1,0,0,0,0,0,0,1
toxapex,"['Poison', 'Water']",0,0,0,0,0,0,0,0,0,0,0,0,0,1,0,0,0,1
roserade,"['Grass', 'Poison']",0,0,0,0,0,0,0,0,0,1,0,0,0,1,0,0,0,0
pidgeotto,"['Normal', 'Flying']",0,0,0,0,0,0,0,1,0,0,0,0,1,0,0,0,0,0
slowpoke,"['Water', 'Psychic']",0,0,0,0,0,0,0,0,0,0,0,0,0,0,1,0,0,1
celesteela,"['Steel', 'Flying']",0,0,0,0,0,0,0,1,0,0,0,0,0,0,0,0,1,0
probopass,"['Rock', 'Steel']",0,0,0,0,0,0,0,0,0,0,0,0,0,0,0,1,1,0
lickitung,['Normal'],0,0,0,0,0,0,0,0,0,0,0,0,1,0,0,0,0,0
nidorino,['Poison'],0,0,0,0,0,0,0,0,0,0,0,0,0,1,0,0,0,0
beartic,['Ice'],0,0,0,0,0,0,0,0,0,0,0,1,0,0,0,0,0,0
audino,"['Normal', 'Fairy']",0,0,0,0,1,0,0,0,0,0,0,0,1,0,0,0,0,0
drizzile,['Water'],0,0,0,0,0,0,0,0,0,0,0,0,0,0,0,0,0,1
conkeldurr,['Fighting'],0,0,0,0,0,1,0,0,0,0,0,0,0,0,0,0,0,0
armaldo,"['Rock', 'Bug']",1,0,0,0,0,0,0,0,0,0,0,0,0,0,0,1,0,0
togetic,"['Fairy', 'Flying']",0,0,0,0,1,0,0,1,0,0,0,0,0,0,0,0,0,0
escavalier,"['Bug', 'Steel']",1,0,0,0,0,0,0,0,0,0,0,0,0,0,0,0,1,0
mudsdale,['Ground'],0,0,0,0,0,0,0,0,0,0,1,0,0,0,0,0,0,0
klang,['Steel'],0,0,0,0,0,0,0,0,0,0,0,0,0,0,0,0,1,0
goldeen,['Water'],0,0,0,0,0,0,0,0,0,0,0,0,0,0,0,0,0,1
loudred,['Normal'],0,0,0,0,0,0,0,0,0,0,0,0,1,0,0,0,0,0
skorupi,"['Poison', 'Bug']",1,0,0,0,0,0,0,0,0,0,0,0,0,1,0,0,0,0
kyogre,['Water'],0,0,0,0,0,0,0,0,0,0,0,0,0,0,0,0,0,1
rayquaza,"['Dragon', 'Flying']",0,0,1,0,0,0,0,1,0,0,0,0,0,0,0,0,0,0
nickit,['Dark'],0,1,0,0,0,0,0,0,0,0,0,0,0,0,0,0,0,0
corviknight,"['Flying', 'Steel']",0,0,0,0,0,0,0,1,0,0,0,0,0,0,0,0,1,0
blaziken,"['Fire', 'Fighting']",0,0,0,0,0,1,1,0,0,0,0,0,0,0,0,0,0,0
mienfoo,['Fighting'],0,0,0,0,0,1,0,0,0,0,0,0,0,0,0,0,0,0
sewaddle,"['Bug', 'Grass']",1,0,0,0,0,0,0,0,0,1,0,0,0,0,0,0,0,0
coalossal,"['Rock', 'Fire']",0,0,0,0,0,0,1,0,0,0,0,0,0,0,0,1,0,0
wurmple,['Bug'],1,0,0,0,0,0,0,0,0,0,0,0,0,0,0,0,0,0
orbeetle,"['Bug', 'Psychic']",1,0,0,0,0,0,0,0,0,0,0,0,0,0,1,0,0,0
blissey,['Normal'],0,0,0,0,0,0,0,0,0,0,0,0,1,0,0,0,0,0
ampharos,"['Electric', 'Dragon']",0,0,1,1,0,0,0,0,0,0,0,0,0,0,0,0,0,0
cubone,['Ground'],0,0,0,0,0,0,0,0,0,0,1,0,0,0,0,0,0,0
baltoy,"['Ground', 'Psychic']",0,0,0,0,0,0,0,0,0,0,1,0,0,0,1,0,0,0
munna,['Psychic'],0,0,0,0,0,0,0,0,0,0,0,0,0,0,1,0,0,0
klefki,"['Steel', 'Fairy']",0,0,0,0,1,0,0,0,0,0,0,0,0,0,0,0,1,0
dragalge,"['Poison', 'Dragon']",0,0,1,0,0,0,0,0,0,0,0,0,0,1,0,0,0,0
eelektross,['Electric'],0,0,0,1,0,0,0,0,0,0,0,0,0,0,0,0,0,0
bellossom,['Grass'],0,0,0,0,0,0,0,0,0,1,0,0,0,0,0,0,0,0
hitmonchan,['Fighting'],0,0,0,0,0,1,0,0,0,0,0,0,0,0,0,0,0,0
throh,['Fighting'],0,0,0,0,0,1,0,0,0,0,0,0,0,0,0,0,0,0
stufful,"['Normal', 'Fighting']",0,0,0,0,0,1,0,0,0,0,0,0,1,0,0,0,0,0
sunflora,['Grass'],0,0,0,0,0,0,0,0,0,1,0,0,0,0,0,0,0,0
goomy,['Dragon'],0,0,1,0,0,0,0,0,0,0,0,0,0,0,0,0,0,0
spheal,"['Ice', 'Water']",0,0,0,0,0,0,0,0,0,0,0,1,0,0,0,0,0,1
floatzel,['Water'],0,0,0,0,0,0,0,0,0,0,0,0,0,0,0,0,0,1
surskit,"['Bug', 'Water']",1,0,0,0,0,0,0,0,0,0,0,0,0,0,0,0,0,1
meganium,['Grass'],0,0,0,0,0,0,0,0,0,1,0,0,0,0,0,0,0,0
marshadow,"['Fighting', 'Ghost']",0,0,0,0,0,1,0,0,1,0,0,0,0,0,0,0,0,0
zorua,['Dark'],0,1,0,0,0,0,0,0,0,0,0,0,0,0,0,0,0,0
garbodor,['Poison'],0,0,0,0,0,0,0,0,0,0,0,0,0,1,0,0,0,0
drowzee,['Psychic'],0,0,0,0,0,0,0,0,0,0,0,0,0,0,1,0,0,0
darkrai,['Dark'],0,1,0,0,0,0,0,0,0,0,0,0,0,0,0,0,0,0
pinsir,"['Bug', 'Flying']",1,0,0,0,0,0,0,1,0,0,0,0,0,0,0,0,0,0
swalot,['Poison'],0,0,0,0,0,0,0,0,0,0,0,0,0,1,0,0,0,0
leafeon,['Grass'],0,0,0,0,0,0,0,0,0,1,0,0,0,0,0,0,0,0
spinarak,"['Bug', 'Poison']",1,0,0,0,0,0,0,0,0,0,0,0,0,1,0,0,0,0
miltank,['Normal'],0,0,0,0,0,0,0,0,0,0,0,0,1,0,0,0,0,0
trumbeak,"['Normal', 'Flying']",0,0,0,0,0,0,0,1,0,0,0,0,1,0,0,0,0,0
charmeleon,['Fire'],0,0,0,0,0,0,1,0,0,0,0,0,0,0,0,0,0,0
poochyena,['Dark'],0,1,0,0,0,0,0,0,0,0,0,0,0,0,0,0,0,0
krookodile,"['Ground', 'Dark']",0,1,0,0,0,0,0,0,0,0,1,0,0,0,0,0,0,0
abra,['Psychic'],0,0,0,0,0,0,0,0,0,0,0,0,0,0,1,0,0,0
victini,"['Psychic', 'Fire']",0,0,0,0,0,0,1,0,0,0,0,0,0,0,1,0,0,0
poliwhirl,['Water'],0,0,0,0,0,0,0,0,0,0,0,0,0,0,0,0,0,1
bulbasaur,"['Grass', 'Poison']",0,0,0,0,0,0,0,0,0,1,0,0,0,1,0,0,0,0
dugtrio,"['Ground', 'Steel']",0,0,0,0,0,0,0,0,0,0,1,0,0,0,0,0,1,0
avalugg,['Ice'],0,0,0,0,0,0,0,0,0,0,0,1,0,0,0,0,0,0
tympole,['Water'],0,0,0,0,0,0,0,0,0,0,0,0,0,0,0,0,0,1
noibat,"['Flying', 'Dragon']",0,0,1,0,0,0,0,1,0,0,0,0,0,0,0,0,0,0
luxio,['Electric'],0,0,0,1,0,0,0,0,0,0,0,0,0,0,0,0,0,0
marowak,"['Ground', 'Fire']",0,0,0,0,0,0,1,0,0,0,1,0,0,0,0,0,0,0
jynx,"['Ice', 'Psychic']",0,0,0,0,0,0,0,0,0,0,0,1,0,0,1,0,0,0
carnivine,['Grass'],0,0,0,0,0,0,0,0,0,1,0,0,0,0,0,0,0,0
hitmontop,['Fighting'],0,0,0,0,0,1,0,0,0,0,0,0,0,0,0,0,0,0
ponyta,"['Fire', 'Psychic']",0,0,0,0,0,0,1,0,0,0,0,0,0,0,1,0,0,0
horsea,['Water'],0,0,0,0,0,0,0,0,0,0,0,0,0,0,0,0,0,1
tynamo,['Electric'],0,0,0,1,0,0,0,0,0,0,0,0,0,0,0,0,0,0
fennekin,['Fire'],0,0,0,0,0,0,1,0,0,0,0,0,0,0,0,0,0,0
amoonguss,"['Grass', 'Poison']",0,0,0,0,0,0,0,0,0,1,0,0,0,1,0,0,0,0
gulpin,['Poison'],0,0,0,0,0,0,0,0,0,0,0,0,0,1,0,0,0,0
reuniclus,['Psychic'],0,0,0,0,0,0,0,0,0,0,0,0,0,0,1,0,0,0
kricketune,['Bug'],1,0,0,0,0,0,0,0,0,0,0,0,0,0,0,0,0,0
gastrodon,"['Water', 'Ground']",0,0,0,0,0,0,0,0,0,0,1,0,0,0,0,0,0,1
deerling,"['Normal', 'Grass']",0,0,0,0,0,0,0,0,0,1,0,0,1,0,0,0,0,0
zekrom,"['Dragon', 'Electric']",0,0,1,1,0,0,0,0,0,0,0,0,0,0,0,0,0,0
seviper,['Poison'],0,0,0,0,0,0,0,0,0,0,0,0,0,1,0,0,0,0
morelull,"['Grass', 'Fairy']",0,0,0,0,1,0,0,0,0,1,0,0,0,0,0,0,0,0
xurkitree,['Electric'],0,0,0,1,0,0,0,0,0,0,0,0,0,0,0,0,0,0
nincada,"['Bug', 'Ground']",1,0,0,0,0,0,0,0,0,0,1,0,0,0,0,0,0,0
ferroseed,"['Grass', 'Steel']",0,0,0,0,0,0,0,0,0,1,0,0,0,0,0,0,1,0
popplio,['Water'],0,0,0,0,0,0,0,0,0,0,0,0,0,0,0,0,0,1
poliwrath,"['Water', 'Fighting']",0,0,0,0,0,1,0,0,0,0,0,0,0,0,0,0,0,1
smeargle,['Normal'],0,0,0,0,0,0,0,0,0,0,0,0,1,0,0,0,0,0
dragonair,['Dragon'],0,0,1,0,0,0,0,0,0,0,0,0,0,0,0,0,0,0
umbreon,['Dark'],0,1,0,0,0,0,0,0,0,0,0,0,0,0,0,0,0,0
spearow,"['Normal', 'Flying']",0,0,0,0,0,0,0,1,0,0,0,0,1,0,0,0,0,0
milotic,['Water'],0,0,0,0,0,0,0,0,0,0,0,0,0,0,0,0,0,1
slowbro,"['Water', 'Psychic']",0,0,0,0,0,0,0,0,0,0,0,0,0,0,1,0,0,1
nosepass,['Rock'],0,0,0,0,0,0,0,0,0,0,0,0,0,0,0,1,0,0
binacle,"['Rock', 'Water']",0,0,0,0,0,0,0,0,0,0,0,0,0,0,0,1,0,1
milcery,['Fairy'],0,0,0,0,1,0,0,0,0,0,0,0,0,0,0,0,0,0
poliwag,['Water'],0,0,0,0,0,0,0,0,0,0,0,0,0,0,0,0,0,1
thievul,['Dark'],0,1,0,0,0,0,0,0,0,0,0,0,0,0,0,0,0,0
floette,['Fairy'],0,0,0,0,1,0,0,0,0,0,0,0,0,0,0,0,0,0
arceus,['Normal'],0,0,0,0,0,0,0,0,0,0,0,0,1,0,0,0,0,0
grubbin,['Bug'],1,0,0,0,0,0,0,0,0,0,0,0,0,0,0,0,0,0
medicham,"['Fighting', 'Psychic']",0,0,0,0,0,1,0,0,0,0,0,0,0,0,1,0,0,0
cyndaquil,['Fire'],0,0,0,0,0,0,1,0,0,0,0,0,0,0,0,0,0,0
geodude,"['Rock', 'Ground']",0,0,0,0,0,0,0,0,0,0,1,0,0,0,0,1,0,0
drakloak,"['Dragon', 'Ghost']",0,0,1,0,0,0,0,0,1,0,0,0,0,0,0,0,0,0
krabby,['Water'],0,0,0,0,0,0,0,0,0,0,0,0,0,0,0,0,0,1
volcanion,"['Fire', 'Water']",0,0,0,0,0,0,1,0,0,0,0,0,0,0,0,0,0,1
litten,['Fire'],0,0,0,0,0,0,1,0,0,0,0,0,0,0,0,0,0,0
munchlax,['Normal'],0,0,0,0,0,0,0,0,0,0,0,0,1,0,0,0,0,0
hoothoot,"['Normal', 'Flying']",0,0,0,0,0,0,0,1,0,0,0,0,1,0,0,0,0,0
tropius,"['Grass', 'Flying']",0,0,0,0,0,0,0,1,0,1,0,0,0,0,0,0,0,0
grookey,['Grass'],0,0,0,0,0,0,0,0,0,1,0,0,0,0,0,0,0,0
sigilyph,"['Psychic', 'Flying']",0,0,0,0,0,0,0,1,0,0,0,0,0,0,1,0,0,0
cofagrigus,['Ghost'],0,0,0,0,0,0,0,0,1,0,0,0,0,0,0,0,0,0
silicobra,['Ground'],0,0,0,0,0,0,0,0,0,0,1,0,0,0,0,0,0,0
centiskorch,"['Fire', 'Bug']",1,0,0,0,0,0,1,0,0,0,0,0,0,0,0,0,0,0
karrablast,['Bug'],1,0,0,0,0,0,0,0,0,0,0,0,0,0,0,0,0,0
cacturne,"['Grass', 'Dark']",0,1,0,0,0,0,0,0,0,1,0,0,0,0,0,0,0,0
mawile,"['Steel', 'Fairy']",0,0,0,0,1,0,0,0,0,0,0,0,0,0,0,0,1,0
heatran,"['Fire', 'Steel']",0,0,0,0,0,0,1,0,0,0,0,0,0,0,0,0,1,0
dwebble,"['Bug', 'Rock']",1,0,0,0,0,0,0,0,0,0,0,0,0,0,0,1,0,0
metagross,"['Steel', 'Psychic']",0,0,0,0,0,0,0,0,0,0,0,0,0,0,1,0,1,0
clawitzer,['Water'],0,0,0,0,0,0,0,0,0,0,0,0,0,0,0,0,0,1
rowlet,"['Grass', 'Flying']",0,0,0,0,0,0,0,1,0,1,0,0,0,0,0,0,0,0
arcanine,['Fire'],0,0,0,0,0,0,1,0,0,0,0,0,0,0,0,0,0,0
spewpa,['Bug'],1,0,0,0,0,0,0,0,0,0,0,0,0,0,0,0,0,0
braixen,['Fire'],0,0,0,0,0,0,1,0,0,0,0,0,0,0,0,0,0,0
chatot,"['Normal', 'Flying']",0,0,0,0,0,0,0,1,0,0,0,0,1,0,0,0,0,0
garchomp,"['Dragon', 'Ground']",0,0,1,0,0,0,0,0,0,0,1,0,0,0,0,0,0,0
magikarp,['Water'],0,0,0,0,0,0,0,0,0,0,0,0,0,0,0,0,0,1
charizard,"['Fire', 'Flying']",0,0,0,0,0,0,1,1,0,0,0,0,0,0,0,0,0,0
